Предохранитель T1A 250V + держатель (5×20 или TR5);5
Варистор 10D561K;5
Диод Шоттки SS34 (SMA);5
Ферритовая бусина 0805 600R ≥2A (BLM21PG601 или аналог);5
Конденсатор электролитический 470мкФ 10V;5
Конденсатор электролитический 220мкФ 10V;5
Конденсатор керамический 22мкФ 0805/1206;5
LD1117V33 SOT-223;5
Конденсатор керамический 10мкФ 0805;10
Конденсатор керамический 100нФ 0805;35
Резистор 10 кОм 0805;20
Резистор 2.2 кОм 0805;5
Резистор 100 Ом 0805;5
Резистор 470 Ом 0805;5
Резистор 1 кОм 0805;5
Светодиод зелёный 0805;5
Светодиод синий/жёлтый 0805;5
Кнопка тактовая 6×6 мм THT;5
Клеммник винтовой 2 pin 5.08 мм 250V;5
Разъём JST-XH 3 pin (вилка на плату + ответная часть);5
Разъём JST-XH 2 pin (вилка на плату + ответная часть);10
Штыревой разъём 1×6 2.54 мм;5
Гнездо 1×19 2.54 мм;10
Гнездо 2×4 2.54 мм;5
Гнездо 1×7 2.54 мм;5
Гнездо 1×4 2.54 мм;5
